{"access_token":"ya29.GlwABuJLOlWOW5RLH46CC1HrXaBwvwQqWMU5Sx_UxCoTFrhzYuSZYgXFnYP7IBYLy7WJBpRlN4-_6ASj0I_19xUEhBni4-U7U7R6M0DMhpC_FZmfWzst4F4wWW3Mjw","expires_in":3600,"refresh_token":"1\/EpWfxXqGf3zjfQTjTB_p5zClEjhmFkaGT5DcCL81aBk","scope":"https:\/\/www.googleapis.com\/auth\/spreadsheets.readonly https:\/\/www.googleapis.com\/auth\/drive https:\/\/www.googleapis.com\/auth\/spreadsheets https:\/\/www.googleapis.com\/auth\/drive.readonly https:\/\/www.googleapis.com\/auth\/drive.file","token_type":"Bearer","created":1534853222}