{"access_token":"ya29.GlwOBnQotwYtkgVCGGke56Rd8q1ImX1OYtGDIFz7oQOebLgMjNhkQ72FWSv8a4Q3xZWAJWX-aRFSZ55C4xeRJuED6hST9iyhVoiN0SbGjTXfhozfJcICwvPmDvkUig","expires_in":3600,"refresh_token":"1\/EpWfxXqGf3zjfQTjTB_p5zClEjhmFkaGT5DcCL81aBk","scope":"https:\/\/www.googleapis.com\/auth\/spreadsheets.readonly https:\/\/www.googleapis.com\/auth\/drive.file https:\/\/www.googleapis.com\/auth\/drive.readonly https:\/\/www.googleapis.com\/auth\/spreadsheets https:\/\/www.googleapis.com\/auth\/drive","token_type":"Bearer","created":1533481939}